{"cameraMode":{"drawMode":0,"name":"Shaded","section":"Shading Mode"},"sceneLighting":false,"audioPlay":false,"sceneViewState":{"showFog":true,"showMaterialUpdate":false,"showSkybox":false,"showFlares":true,"showImageEffects":true,"showParticleSystems":true},"in2DMode":false,"pivot":{"x":2.3759987354278566,"y":-7.992712020874023,"z":16.50668716430664},"rotation":{"x":-0.28667885065078738,"y":-0.05830177292227745,"z":0.0174832995980978,"w":-0.9561098217964172},"size":30.69480323791504,"orthographic":false}