{"cameraMode":{"drawMode":0,"name":"Shaded","section":"Shading Mode"},"sceneLighting":false,"audioPlay":false,"sceneViewState":{"showFog":true,"showMaterialUpdate":false,"showSkybox":false,"showFlares":true,"showImageEffects":true,"showParticleSystems":true},"in2DMode":false,"pivot":{"x":-0.7050837278366089,"y":-11.052549362182618,"z":-11.65579891204834},"rotation":{"x":0.012081150896847248,"y":-0.9300175309181213,"z":0.36644160747528078,"w":0.03261163458228111},"size":21.824697494506837,"orthographic":false}