{"cameraMode":{"drawMode":0,"name":"Shaded","section":"Shading Mode"},"sceneLighting":true,"audioPlay":false,"sceneViewState":{"showFog":true,"showMaterialUpdate":false,"showSkybox":false,"showFlares":true,"showImageEffects":true,"showParticleSystems":true},"in2DMode":false,"pivot":{"x":2.5202932357788088,"y":5.760204792022705,"z":-7.5464277267456059},"rotation":{"x":-0.36358633637428286,"y":-0.030178755521774293,"z":0.011786073446273804,"w":-0.9310275912284851},"size":4.4316301345825199,"orthographic":false}