{"cameraMode":{"drawMode":0,"name":"Shaded","section":"Shading Mode"},"sceneLighting":false,"audioPlay":false,"sceneViewState":{"showFog":true,"showMaterialUpdate":false,"showSkybox":false,"showFlares":true,"showImageEffects":true,"showParticleSystems":true},"in2DMode":false,"pivot":{"x":-12.620659828186036,"y":-11.423388481140137,"z":-1.4502754211425782},"rotation":{"x":-0.22899238765239716,"y":0.4727981686592102,"z":-0.12872017920017243,"w":-0.8411054015159607},"size":30.720191955566408,"orthographic":false}