{"cameraMode":{"drawMode":0,"name":"Shaded","section":"Shading Mode"},"sceneLighting":false,"audioPlay":false,"sceneViewState":{"showFog":true,"showMaterialUpdate":false,"showSkybox":false,"showFlares":true,"showImageEffects":true,"showParticleSystems":true},"in2DMode":false,"pivot":{"x":0.0494457483291626,"y":0.7590310573577881,"z":-0.051634401082992557},"rotation":{"x":-0.14730212092399598,"y":-0.17789334058761598,"z":0.026946745812892915,"w":-0.9726137518882752},"size":4.431629657745361,"orthographic":false}