{"cameraMode":{"drawMode":0,"name":"Shaded","section":"Shading Mode"},"sceneLighting":true,"audioPlay":false,"sceneViewState":{"showFog":true,"showMaterialUpdate":false,"showSkybox":false,"showFlares":true,"showImageEffects":true,"showParticleSystems":true},"in2DMode":false,"pivot":{"x":-0.08221400529146195,"y":-12.356183052062989,"z":9.330941200256348},"rotation":{"x":-0.48308077454566958,"y":0.020219892263412477,"z":-0.011159570887684822,"w":-0.8752881288528442},"size":30.228242874145509,"orthographic":false}