{"cameraMode":{"drawMode":0,"name":"Shaded","section":"Shading Mode"},"sceneLighting":false,"audioPlay":false,"sceneViewState":{"showFog":true,"showMaterialUpdate":false,"showSkybox":false,"showFlares":true,"showImageEffects":true,"showParticleSystems":true},"in2DMode":false,"pivot":{"x":0.2864342927932739,"y":-16.77661895751953,"z":7.84319543838501},"rotation":{"x":-0.5586819052696228,"y":-0.006970333866775036,"z":0.004693474154919386,"w":-0.8293570280075073},"size":30.297447204589845,"orthographic":false}