{"cameraMode":{"drawMode":0,"name":"Shaded","section":"Shading Mode"},"sceneLighting":true,"audioPlay":false,"sceneViewState":{"showFog":true,"showMaterialUpdate":true,"showSkybox":true,"showFlares":true,"showImageEffects":true,"showParticleSystems":true},"in2DMode":false,"pivot":{"x":1.8205335140228272,"y":14.996752738952637,"z":31.388633728027345},"rotation":{"x":-0.004075608681887388,"y":-0.983896017074585,"z":0.1778302639722824,"w":-0.023035399615764619},"size":10.0,"orthographic":false}