{"cameraMode":{"drawMode":0,"name":"Shaded","section":"Shading Mode"},"sceneLighting":true,"audioPlay":false,"sceneViewState":{"showFog":true,"showMaterialUpdate":false,"showSkybox":false,"showFlares":true,"showImageEffects":true,"showParticleSystems":true},"in2DMode":false,"pivot":{"x":0.7360515594482422,"y":-12.337605476379395,"z":16.331602096557618},"rotation":{"x":-0.34111759066581728,"y":-0.03186177462339401,"z":0.011572286486625672,"w":-0.9394239783287048},"size":30.69480323791504,"orthographic":false}