{"cameraMode":{"drawMode":0,"name":"Shaded","section":"Shading Mode"},"sceneLighting":true,"audioPlay":false,"sceneViewState":{"showFog":true,"showMaterialUpdate":false,"showSkybox":true,"showFlares":true,"showImageEffects":true,"showParticleSystems":true},"in2DMode":false,"pivot":{"x":0.3675922155380249,"y":-5.596131324768066,"z":1.6231032609939576},"rotation":{"x":-0.3242068886756897,"y":0.027520867064595224,"z":-0.009435437619686127,"w":-0.9455686807632446},"size":30.154857635498048,"orthographic":false}