{"cameraMode":{"drawMode":0,"name":"Shaded","section":"Shading Mode"},"sceneLighting":true,"audioPlay":false,"sceneViewState":{"showFog":true,"showMaterialUpdate":false,"showSkybox":true,"showFlares":true,"showImageEffects":true,"showParticleSystems":true},"in2DMode":false,"pivot":{"x":7.623129367828369,"y":9.007354736328125,"z":-15.479674339294434},"rotation":{"x":-0.33246710896492007,"y":0.1551961451768875,"z":-0.055564410984516147,"w":-0.9286049604415894},"size":9.443258285522461,"orthographic":false}