{"cameraMode":{"drawMode":0,"name":"Shaded","section":"Shading Mode"},"sceneLighting":true,"audioPlay":false,"sceneViewState":{"showFog":true,"showMaterialUpdate":false,"showSkybox":false,"showFlares":true,"showImageEffects":true,"showParticleSystems":true},"in2DMode":false,"pivot":{"x":-0.5293737053871155,"y":-15.75694465637207,"z":8.970287322998047},"rotation":{"x":-0.4673265218734741,"y":0.01246239896863699,"z":-0.006588170304894447,"w":-0.883988082408905},"size":30.154857635498048,"orthographic":false}