{"cameraMode":{"drawMode":0,"name":"Shaded","section":"Shading Mode"},"sceneLighting":true,"audioPlay":false,"sceneViewState":{"showFog":true,"showMaterialUpdate":false,"showSkybox":true,"showFlares":true,"showImageEffects":true,"showParticleSystems":true},"in2DMode":false,"pivot":{"x":3.588695526123047,"y":3.4842183589935304,"z":-8.133272171020508},"rotation":{"x":0.2379029095172882,"y":-0.2736208140850067,"z":0.07089430093765259,"w":0.9294660687446594},"size":23.987348556518556,"orthographic":false}