{"cameraMode":{"drawMode":0,"name":"Shaded","section":"Shading Mode"},"sceneLighting":true,"audioPlay":false,"sceneViewState":{"showFog":true,"showMaterialUpdate":false,"showSkybox":true,"showFlares":true,"showImageEffects":true,"showParticleSystems":true},"in2DMode":false,"pivot":{"x":1.1930444240570069,"y":-14.892741203308106,"z":33.1535530090332},"rotation":{"x":0.19258540868759156,"y":-0.016194874420762063,"z":0.003221352817490697,"w":0.9812154769897461},"size":60.07925796508789,"orthographic":false}