{"cameraMode":{"drawMode":0,"name":"Shaded","section":"Shading Mode"},"sceneLighting":true,"audioPlay":false,"sceneViewState":{"showFog":true,"showMaterialUpdate":false,"showSkybox":true,"showFlares":true,"showImageEffects":true,"showParticleSystems":true},"in2DMode":false,"pivot":{"x":0.22765541076660157,"y":-2.510887622833252,"z":13.176011085510254},"rotation":{"x":-0.1426282525062561,"y":-0.7726637125015259,"z":0.18688194453716279,"w":-0.5896933674812317},"size":33.906097412109378,"orthographic":false}