{"cameraMode":{"drawMode":0,"name":"Shaded","section":"Shading Mode"},"sceneLighting":true,"audioPlay":false,"sceneViewState":{"showFog":true,"showMaterialUpdate":false,"showSkybox":true,"showFlares":true,"showImageEffects":true,"showParticleSystems":true},"in2DMode":false,"pivot":{"x":8.836224555969239,"y":1.4166388511657715,"z":-8.404990196228028},"rotation":{"x":0.1946321725845337,"y":-0.056767337024211887,"z":0.011271405033767224,"w":0.9791929125785828},"size":30.829692840576173,"orthographic":false}