{"cameraMode":{"drawMode":0,"name":"Shaded","section":"Shading Mode"},"sceneLighting":true,"audioPlay":false,"sceneViewState":{"showFog":true,"showMaterialUpdate":false,"showSkybox":true,"showFlares":true,"showImageEffects":true,"showParticleSystems":true},"in2DMode":false,"pivot":{"x":13.629168510437012,"y":2.207700252532959,"z":-3.840036392211914},"rotation":{"x":-0.2654759883880615,"y":-0.03427385538816452,"z":0.008888287469744683,"w":-0.9636246562004089},"size":6.805703163146973,"orthographic":false}