{"cameraMode":{"drawMode":0,"name":"Shaded","section":"Shading Mode"},"sceneLighting":true,"audioPlay":false,"sceneViewState":{"showFog":true,"showMaterialUpdate":false,"showSkybox":false,"showFlares":true,"showImageEffects":true,"showParticleSystems":true},"in2DMode":false,"pivot":{"x":-1.190234899520874,"y":-15.56088638305664,"z":9.10806941986084},"rotation":{"x":-0.5233775973320007,"y":-0.0046009947545826439,"z":0.002834280952811241,"w":-0.8521004319190979},"size":30.69480323791504,"orthographic":false}