{"cameraMode":{"drawMode":0,"name":"Shaded","section":"Shading Mode"},"sceneLighting":true,"audioPlay":false,"sceneViewState":{"showFog":true,"showMaterialUpdate":false,"showSkybox":true,"showFlares":true,"showImageEffects":true,"showParticleSystems":true},"in2DMode":false,"pivot":{"x":6.789999961853027,"y":-2.865877628326416,"z":-12.413474082946778},"rotation":{"x":0.23745299875736237,"y":0.5697049498558044,"z":-0.17642085254192353,"w":0.7667773962020874},"size":25.99417495727539,"orthographic":false}