{"cameraMode":{"drawMode":0,"name":"Shaded","section":"Shading Mode"},"sceneLighting":false,"audioPlay":false,"sceneViewState":{"showFog":true,"showMaterialUpdate":false,"showSkybox":false,"showFlares":true,"showImageEffects":true,"showParticleSystems":true},"in2DMode":false,"pivot":{"x":0.0959341824054718,"y":-11.986344337463379,"z":6.488894939422607},"rotation":{"x":-0.5155534148216248,"y":-0.020050548017024995,"z":0.01206718385219574,"w":-0.8565552830696106},"size":30.69480323791504,"orthographic":false}