{"cameraMode":{"drawMode":0,"name":"Shaded","section":"Shading Mode"},"sceneLighting":true,"audioPlay":false,"sceneViewState":{"showFog":true,"showMaterialUpdate":false,"showSkybox":false,"showFlares":true,"showImageEffects":true,"showParticleSystems":true},"in2DMode":false,"pivot":{"x":-0.15358172357082368,"y":-12.198415756225586,"z":10.41292667388916},"rotation":{"x":-0.4660395085811615,"y":0.004509615711867809,"z":-0.002373029012233019,"w":-0.8847638964653015},"size":30.69480323791504,"orthographic":false}