{"cameraMode":{"drawMode":0,"name":"Shaded","section":"Shading Mode"},"sceneLighting":false,"audioPlay":false,"sceneViewState":{"showFog":true,"showMaterialUpdate":false,"showSkybox":false,"showFlares":true,"showImageEffects":true,"showParticleSystems":true},"in2DMode":false,"pivot":{"x":-0.0545937716960907,"y":-10.746785163879395,"z":-6.140267372131348},"rotation":{"x":0.007063233759254217,"y":-0.8311350345611572,"z":0.5562765598297119,"w":0.011845258995890618},"size":21.824697494506837,"orthographic":false}