{"cameraMode":{"drawMode":0,"name":"Shaded","section":"Shading Mode"},"sceneLighting":true,"audioPlay":false,"sceneViewState":{"showFog":true,"showMaterialUpdate":false,"showSkybox":false,"showFlares":true,"showImageEffects":true,"showParticleSystems":true},"in2DMode":false,"pivot":{"x":-0.10929225385189057,"y":-14.86743450164795,"z":13.452199935913086},"rotation":{"x":-0.41344785690307619,"y":0.016932303085923196,"z":-0.00768785085529089,"w":-0.9103529453277588},"size":30.294940948486329,"orthographic":false}