{"cameraMode":{"drawMode":0,"name":"Shaded","section":"Shading Mode"},"sceneLighting":false,"audioPlay":false,"sceneViewState":{"showFog":true,"showMaterialUpdate":false,"showSkybox":false,"showFlares":true,"showImageEffects":true,"showParticleSystems":true},"in2DMode":false,"pivot":{"x":4.740206718444824,"y":3.145162582397461,"z":-2.1588938236236574},"rotation":{"x":0.1773804873228073,"y":-0.7007390856742859,"z":0.18790702521800996,"w":0.665298581123352},"size":5.86348819732666,"orthographic":false}