{"cameraMode":{"drawMode":0,"name":"Shaded","section":"Shading Mode"},"sceneLighting":true,"audioPlay":false,"sceneViewState":{"showFog":true,"showMaterialUpdate":false,"showSkybox":false,"showFlares":true,"showImageEffects":true,"showParticleSystems":true},"in2DMode":false,"pivot":{"x":0.474433571100235,"y":-12.714406967163086,"z":11.514421463012696},"rotation":{"x":-0.39148008823394778,"y":0.01711171492934227,"z":-0.007279745768755674,"w":-0.9200085997581482},"size":30.228242874145509,"orthographic":false}