{"cameraMode":{"drawMode":0,"name":"Shaded","section":"Shading Mode"},"sceneLighting":true,"audioPlay":false,"sceneViewState":{"showFog":true,"showMaterialUpdate":false,"showSkybox":true,"showFlares":true,"showImageEffects":true,"showParticleSystems":true},"in2DMode":false,"pivot":{"x":-0.7974166870117188,"y":10.275341033935547,"z":-18.779462814331056},"rotation":{"x":-0.3208276629447937,"y":-0.0633573904633522,"z":0.02135329693555832,"w":-0.9449087381362915},"size":2.2545623779296877,"orthographic":false}