{"cameraMode":{"drawMode":0,"name":"Shaded","section":"Shading Mode"},"sceneLighting":true,"audioPlay":false,"sceneViewState":{"showFog":true,"showMaterialUpdate":false,"showSkybox":false,"showFlares":true,"showImageEffects":true,"showParticleSystems":true},"in2DMode":false,"pivot":{"x":-0.1541559398174286,"y":-14.172599792480469,"z":6.764982223510742},"rotation":{"x":-0.5458542108535767,"y":-0.0296504907310009,"z":0.01933208853006363,"w":-0.8371457457542419},"size":30.154857635498048,"orthographic":false}