{"cameraMode":{"drawMode":0,"name":"Shaded","section":"Shading Mode"},"sceneLighting":true,"audioPlay":false,"sceneViewState":{"showFog":true,"showMaterialUpdate":false,"showSkybox":true,"showFlares":true,"showImageEffects":true,"showParticleSystems":true},"in2DMode":false,"pivot":{"x":5.773334503173828,"y":9.586067199707032,"z":-16.156375885009767},"rotation":{"x":-0.46653318405151369,"y":0.12577135860919953,"z":-0.06723148375749588,"w":-0.8729624152183533},"size":9.443258285522461,"orthographic":false}