{"cameraMode":{"drawMode":0,"name":"Shaded","section":"Shading Mode"},"sceneLighting":true,"audioPlay":false,"sceneViewState":{"showFog":true,"showMaterialUpdate":false,"showSkybox":true,"showFlares":true,"showImageEffects":true,"showParticleSystems":true},"in2DMode":false,"pivot":{"x":2.387896776199341,"y":20.773475646972658,"z":-17.97408676147461},"rotation":{"x":-0.45143839716911318,"y":0.012306916527450085,"z":-0.006875914055854082,"w":-0.8924666047096252},"size":3.145437240600586,"orthographic":false}