{"cameraMode":{"drawMode":0,"name":"Shaded","section":"Shading Mode"},"sceneLighting":true,"audioPlay":false,"sceneViewState":{"showFog":true,"showMaterialUpdate":false,"showSkybox":false,"showFlares":true,"showImageEffects":true,"showParticleSystems":true},"in2DMode":false,"pivot":{"x":-1.020909070968628,"y":-12.000960350036621,"z":10.50605583190918},"rotation":{"x":-0.4458136558532715,"y":0.027381453663110734,"z":-0.013643424957990647,"w":-0.8946177363395691},"size":30.294940948486329,"orthographic":false}