{"cameraMode":{"drawMode":0,"name":"Shaded","section":"Shading Mode"},"sceneLighting":false,"audioPlay":false,"sceneViewState":{"showFog":true,"showMaterialUpdate":false,"showSkybox":false,"showFlares":true,"showImageEffects":true,"showParticleSystems":true},"in2DMode":false,"pivot":{"x":-1.8599998950958253,"y":4.519999980926514,"z":-1.1920928955078126e-7},"rotation":{"x":0.08686049282550812,"y":-0.9023048877716065,"z":0.21850933134555818,"w":0.3619002103805542},"size":8.88654899597168,"orthographic":false}