{"cameraMode":{"drawMode":0,"name":"Shaded","section":"Shading Mode"},"sceneLighting":true,"audioPlay":false,"sceneViewState":{"showFog":true,"showMaterialUpdate":false,"showSkybox":true,"showFlares":true,"showImageEffects":true,"showParticleSystems":true},"in2DMode":false,"pivot":{"x":3.086230993270874,"y":4.644466876983643,"z":-11.335158348083496},"rotation":{"x":-0.2815183401107788,"y":0.1650570034980774,"z":-0.04926929995417595,"w":-0.9440696835517883},"size":12.297578811645508,"orthographic":false}