{"cameraMode":{"drawMode":0,"name":"Shaded","section":"Shading Mode"},"sceneLighting":true,"audioPlay":false,"sceneViewState":{"showFog":true,"showMaterialUpdate":false,"showSkybox":true,"showFlares":true,"showImageEffects":true,"showParticleSystems":true},"in2DMode":false,"pivot":{"x":-0.9068694114685059,"y":1.2161226272583008,"z":-6.911891460418701},"rotation":{"x":0.15867549180984498,"y":-0.18686668574810029,"z":0.030598651617765428,"w":0.9690091013908386},"size":40.50059127807617,"orthographic":false}