{"cameraMode":{"drawMode":0,"name":"Shaded","section":"Shading Mode"},"sceneLighting":true,"audioPlay":false,"sceneViewState":{"showFog":true,"showMaterialUpdate":false,"showSkybox":false,"showFlares":true,"showImageEffects":true,"showParticleSystems":true},"in2DMode":false,"pivot":{"x":1.6634153127670289,"y":-12.213345527648926,"z":12.412274360656739},"rotation":{"x":-0.40736594796180727,"y":-0.05283330753445625,"z":0.023619072511792184,"w":-0.9114469289779663},"size":30.69480323791504,"orthographic":false}