{"cameraMode":{"drawMode":0,"name":"Shaded","section":"Shading Mode"},"sceneLighting":true,"audioPlay":false,"sceneViewState":{"showFog":true,"showMaterialUpdate":false,"showSkybox":true,"showFlares":true,"showImageEffects":true,"showParticleSystems":true},"in2DMode":false,"pivot":{"x":0.30795717239379885,"y":-8.347394943237305,"z":1.266456127166748},"rotation":{"x":-0.4375670254230499,"y":0.12659427523612977,"z":-0.062372948974370959,"w":-0.8880561590194702},"size":30.154857635498048,"orthographic":false}