{"cameraMode":{"drawMode":0,"name":"Shaded","section":"Shading Mode"},"sceneLighting":false,"audioPlay":false,"sceneViewState":{"showFog":true,"showMaterialUpdate":true,"showSkybox":false,"showFlares":true,"showImageEffects":true,"showParticleSystems":true},"in2DMode":false,"pivot":{"x":-1.139073371887207,"y":9.029955863952637,"z":0.11526709049940109},"rotation":{"x":-0.028109140694141389,"y":0.9716947078704834,"z":-0.17562347650527955,"w":-0.15551431477069856},"size":2.8578836917877199,"orthographic":false}