{"cameraMode":{"drawMode":0,"name":"Shaded","section":"Shading Mode"},"sceneLighting":false,"audioPlay":false,"sceneViewState":{"showFog":true,"showMaterialUpdate":true,"showSkybox":false,"showFlares":true,"showImageEffects":true,"showParticleSystems":true},"in2DMode":false,"pivot":{"x":8.294418334960938,"y":-8.185954093933106,"z":7.112761974334717},"rotation":{"x":0.03909379616379738,"y":0.9285709261894226,"z":-0.3546246886253357,"w":0.10237051546573639},"size":9.92391586303711,"orthographic":false}